타깃,구간,건수,균형정확도,신뢰하한,신뢰상한,적중률
변동성,전체,1462,52.15,49.59,54.71,52.12
변동성,상위 50%,733,56.32,52.73,59.91,56.21
변동성,상위 30%,439,59.93,55.35,64.52,60.14
변동성,상위 20%,293,58.16,52.51,63.81,58.36
변동성_홀드아웃,전체,1462,52.82,50.26,55.38,52.74
변동성_홀드아웃,상위 50%,731,55.55,51.95,59.15,55.27
변동성_홀드아웃,상위 30%,439,58.15,53.54,62.77,58.09
변동성_홀드아웃,상위 20%,295,57.34,51.7,62.99,57.63
방향,전체,1462,50.41,47.85,52.98,50.48
방향,상위 50%,732,48.46,44.84,52.08,48.77
방향,상위 30%,439,49.78,45.11,54.46,49.89
방향,상위 20%,293,49.37,43.64,55.09,46.42
방향_홀드아웃,전체,1462,49.43,46.87,51.99,49.45
방향_홀드아웃,상위 50%,732,50.9,47.28,54.52,50.96
방향_홀드아웃,상위 30%,439,47.79,43.12,52.46,47.38
방향_홀드아웃,상위 20%,293,48.06,42.34,53.78,46.08
