종목,시장,지수,행수,뉴스있는날,전체커버리지,평가구간커버리지
NVIDIA Corp,US,NASDAQ,1506,842,0.5591,1.0
알테오젠,KR,KOSDAQ,1875,237,0.1264,1.0
News Corp (Class B),US,S&P500,1506,229,0.1521,1.0
SanDisk Corporation,US,NASDAQ,382,233,0.6099,1.0
DB,KR,KOSPI,1875,240,0.128,0.975
Bank of America,US,S&P500,1506,841,0.5584,0.975
Tesla Inc,US,NASDAQ,1506,833,0.5531,0.975
Fox Corporation (Class B),US,S&P500,1506,225,0.1494,0.975
에코프로,KR,KOSDAQ,1875,230,0.1227,0.975
L3Harris,US,S&P500,1506,211,0.1401,0.95
SK스퀘어,KR,KOSPI,1157,215,0.1858,0.95
Fiserv,US,S&P500,1505,215,0.1429,0.95
에코프로비엠,KR,KOSDAQ,1835,218,0.1188,0.925
MaxLinear  Inc.,US,NASDAQ,1506,90,0.0598,0.9
Solid Biosciences Inc,US,NASDAQ,1506,152,0.1009,0.9
Veeva Systems,US,S&P500,1506,159,0.1056,0.9
Micron Technology,US,S&P500,1506,835,0.5544,0.875
화신,KR,KOSPI,1875,100,0.0533,0.85
포스코인터내셔널,KR,KOSPI,1875,196,0.1045,0.85
광주신세계,KR,KOSPI,1875,172,0.0917,0.8
삼성전자,KR,KOSPI,1875,235,0.1253,0.75
SK하이닉스,KR,KOSPI,1875,228,0.1216,0.725
메타케어,KR,KOSPI,1875,108,0.0576,0.7
Erie Indemnity,US,S&P500,1506,74,0.0491,0.675
Trupanion  Inc.,US,NASDAQ,1506,50,0.0332,0.6
한컴위드,KR,KOSDAQ,1875,111,0.0592,0.55
지에프씨생명과학,KR,KOSDAQ,892,89,0.0998,0.525
Jasper Therapeutics  Inc.,US,NASDAQ,1506,39,0.0259,0.425
대림통상,KR,KOSPI,1875,65,0.0347,0.425
대성하이텍,KR,KOSDAQ,977,81,0.0829,0.375
Brenx Ltd,US,NASDAQ,1064,37,0.0348,0.375
한솔홈데코,KR,KOSPI,1875,54,0.0288,0.35
미래컴퍼니,KR,KOSDAQ,1875,97,0.0517,0.3
코미팜,KR,KOSDAQ,1875,38,0.0203,0.225
에스프리즘,KR,KOSDAQ,1875,45,0.024,0.2
Shoe Station Group Inc,US,NASDAQ,1506,37,0.0246,0.15
피코그램,KR,KOSDAQ,1175,24,0.0204,0.125
Solowin Holdings Ltd,US,NASDAQ,742,12,0.0162,0.075
